chetan,vinay,2026-04-29,connect4
harshith,vinay,2026-04-28,tictactoe
Harshth,vinay,2026-04-28,connect4
harshith,vinay,2026-04-28,tictactoe
chetan,vinay,2026-04-29,tictactoe
harshith,vinay,2026-04-29,tictactoe
harshith,vinay,2026-04-29,tictactoe
poojith,aakash,2026-04-29,tictactoe
aakash,poojith,2026-04-29,othello
poojith,aakash,2026-04-29,tictactoe
poojith,aakash,2026-04-29,tictactoe
poojith,aakash,2026-04-29,tictactoe
poojith,aakash,2026-04-29,tictactoe
poojith,aakash,2026-04-29,tictactoe
poojith,aakash,2026-04-29,tictactoe
poojith,aakash,2026-04-29,connect4
poojith,aakash,2026-04-29,tictactoe
poojith,aakash,2026-04-29,tictactoe
poojith,aakash,2026-04-29,tictactoe
poojith,aakash,2026-04-29,tictactoe
poojith,aakash,2026-04-29,tictactoe
poojith,aakash,2026-04-29,tictactoe
poojith,aakash,2026-04-29,tictactoe
poojith,aakash,2026-04-29,tictactoe
poojith,aakash,2026-04-29,tictactoe
poojith,aakash,2026-04-29,tictactoe
poojith,aakash,2026-04-29,connect4
poojith,aakash,2026-04-29,connect4
poojith,aakash,2026-04-29,connect4
aakash,harshith,2026-04-29,connect4
aakash,harshith,2026-04-29,connect4
aakash,harshith,2026-04-29,connect4
harshith,vinay,2026-04-29,tictactoe
harshith,vinay,2026-04-29,tictactoe
vinay,harshith,2026-04-29,othello
harshith,vinay,2026-04-29,tictactoe
